INSERT INTO `user` ( `login`,`password`,`role`)
VALUES
('adm','123','0'),
('log1','123','1'),
('log2','123','1'),
('log3','123','1'),
('log4','123','1'),
('log5','123','1'),
('log6','123','1'),
('log7','123','1'),
('log8','123','1'),
('log9','123','1'),
('log10','123','1'),
('log11','123','1'),
('log12','123','1'),
('log13','123','1'),
('log14','123','1'),
('log15','123','1'),
('log16','123','1'),
('log17','123','1'),
('log18','123','1'),
('log19','123','1'),
('log20','123','1')
;

   
insert into `client` (`surname`,`name`,`patronymic`,`telephone`,`id_user_FK`)
values 
('surname_log1','name_log1','patronymic_log1','380441000001','2'),
('surname_log2','name_log2','patronymic_log2','380441000002','3'),
('surname_log3','name_log3','patronymic_log3','380441000003','4'),
('surname_log4','name_log4','patronymic_log4','380441000004','5'),
('surname_log5','name_log5','patronymic_log5','380441000005','6'),
('surname_log6','name_log6','patronymic_log6','380441000006','7'),
('surname_log7','name_log7','patronymic_log7','380441000007','8'),
('surname_log8','name_log8','patronymic_log8','380441000008','9'),
('surname_log9','name_log9','patronymic_log9','380441000009','10'),
('surname_log10','name_log10','patronymic_log10','380441000010','11'),
('surname_log11','name_log11','patronymic_log11','380441000011','12'),
('surname_log12','name_log12','patronymic_log12','380441000012','13'),
('surname_log13','name_log13','patronymic_log13','380441000013','14'),
('surname_log14','name_log14','patronymic_log14','380441000014','15'),
('surname_log15','name_log15','patronymic_log15','380441000015','16'),
('surname_log16','name_log16','patronymic_log16','380441000016','17'),
('surname_log17','name_log17','patronymic_log17','380441000017','18'),
('surname_log18','name_log18','patronymic_log18','380441000018','19'),
('surname_log19','name_log19','patronymic_log19','380441000019','20'),
('surname_log20','name_log20','patronymic_log20','380441000020','21')
;


insert into `station` (`name_station`)
values 
('Авдеевка'),
('Александрия'),
('Александровск'),
('Алмазная'),
('Алупка'),
('Алушта'),
('Алчевск'),
('Амвросиевка'),
('Ананьев'),
('Андрушёвка'),
('Антрацит'),
('Апостолово'),
('Армянск'),
('Артёмово'),
('Артёмовск'),
('Арциз'),
('Ахтырка'),
('Балаклея'),
('Балта'),
('Бар'),
('Барановка'),
('Барвенково'),
('Батурин'),
('Бахмач'),
('Бахчисарай'),
('Баштанка'),
('Белая Церковь'),
('Белгород-Днестровский'),
('Белз'),
('Белицкое'),
('Белогорск'),
('Белозёрское'),
('Белополье'),
('Беляевка'),
('Бердичев'),
('Бердянск'),
('Берегово'),
('Бережаны'),
('Березань'),
('Березно'),
('Березовка'),
('Берестечко'),
('Берислав'),
('Бершадь'),
('Бобринец'),
('Бобрка'),
('Бобровица'),
('Богодухов'),
('Богуслав'),
('Болград'),
('Болехов'),
('Борзна'),
('Борислав'),
('Борисполь'),
('Борщёв'),
('Боярка'),
('Бровары'),
('Броды'),
('Брянка'),
('Бурштын'),
('Бурынь'),
('Буск'),
('Буча'),
('Бучач'),
('Валки'),
('Васильевка'),
('Васильков'),
('Ватутино'),
('Вахрушево'),
('Вашковцы'),
('Великие Мосты'),
('Верхнеднепровск'),
('Верховцево'),
('Вижница'),
('Вилково'),
('Винники'),
('Винница'),
('Виноградов'),
('Вишнёвое'),
('Владимир-Волынский'),
('Вознесенск'),
('Волноваха'),
('Волочиск'),
('Волчанск'),
('Вольногорск'),
('Вольнянск'),
('Ворожба'),
('Вышгород'),
('Гадяч'),
('Гайворон'),
('Гайсин'),
('Галич'),
('Геническ'),
('Герца'),
('Глобино'),
('Глухов'),
('Глиняны'),
('Гнивань'),
('Голая Пристань'),
('Горловка'),
('Горное'),
('Горняк'),
('Городенка'),
('Городище'),
('Городня'),
('Городок'),
('Горохов'),
('Гребёнка'),
('Гуляйполе'),
('Дебальцево'),
('Деражня'),
('Дергачи'),
('Джанкой'),
('Дзержинск'),
('Димитров'),
('Днепродзержинск'),
('Днепропетровск'),
('Днепрорудное'),
('Добромиль'),
('Доброполье'),
('Докучаевск'),
('Долина'),
('Долинская'),
('Донецк'),
('Дрогобыч'),
('Дружба'),
('Дружковка'),
('Дубляны'),
('Дубно'),
('Дубровица'),
('Дунаевцы'),
('Евпатория'),
('Енакиево'),
('Жашков'),
('Ждановка'),
('Жёлтые Воды'),
('Жидачов'),
('Житомир'),
('Жмеринка'),
('Жолква'),
('Залещики'),
('Запорожье'),
('Заставна'),
('Збараж'),
('Зборов'),
('Звенигородка'),
('Здолбунов'),
('Зеленодольск'),
('Зеньков'),
('Зимогорье'),
('Змиёв'),
('Знаменка'),
('Золотое'),
('Золотоноша'),
('Золочев'),
('Зоринск'),
('Зугрэс'),
('Ивано-Франковск'),
('Измаил'),
('Изюм'),
('Изяслав'),
('Иловайск'),
('Ильинцы'),
('Ильичёвск'),
('Инкерман'),
('Ирмино'),
('Ирпень'),
('Иршава'),
('Ичня'),
('Кагарлык'),
('Казатин'),
('Калиновка'),
('Калуш'),
('Каменец-Подольский'),
('Каменка'),
('Каменка-Бугская'),
('Каменка-Днепровская'),
('Камень-Каширский'),
('Канев'),
('Карловка'),
('Каховка'),
('Керчь'),
('Киверцы'),
('Киев'),
('Килия'),
('Кировоград'),
('Кировское'),
('Кицмань'),
('Кобеляки'),
('Ковель'),
('Кодыма'),
('Коломыя'),
('Комсомольск'),
('Конотоп'),
('Константиновка'),
('Корец'),
('Коростень'),
('Коростышев'),
('Корсунь-Шевченковский'),
('Корюковка'),
('Косов'),
('Костополь'),
('Котовск'),
('Краматорск'),
('Красилов'),
('Красноармейск'),
('Красноград'),
('Краснодон'),
('Краснопартизанск'),
('Красноперекопск'),
('Красный Лиман'),
('Красный Луч'),
('Кременец'),
('Кременчуг'),
('Кривой Рог'),
('Кролевец'),
('Кузнецовск'),
('Купянск'),
('Ладыжин'),
('Лановцы'),
('Лебедин'),
('Лисичанск'),
('Лозовая'),
('Лохвица'),
('Лубны'),
('Луганск'),
('Лутугино'),
('Луцк'),
('Львов'),
('Любомль'),
('Люботин'),
('Малин'),
('Марганец'),
('Мариуполь'),
('Макеевка'),
('Малая Виска'),
('Мелитополь'),
('Мена'),
('Мерефа'),
('Миргород'),
('Мироновка'),
('Миусинск'),
('Могилёв-Подольский'),
('Молодогвардейск'),
('Молочанск'),
('Монастыриска'),
('Монастырище'),
('Мостиска'),
('Мукачево'),
('Надворная'),
('Николаев'),
('Никополь'),
('Нежин'),
('Немиров'),
('Нетешин'),
('Новая Каховка'),
('Новая Одесса'),
('Новый Буг'),
('Новоазовск'),
('Нововолынск'),
('Новгород-Северский'),
('Новогродовка'),
('Новомиргород'),
('Новоград-Волынский'),
('Новодружеск'),
('Новоднестровск'),
('Новомосковск'),
('Новопсков'),
('Новоселица'),
('Новоукраинка'),
('Новый Роздол'),
('Носовка'),
('Обухов'),
('Овруч'),
('Одесса'),
('Орджоникидзе'),
('Орехов'),
('Острог'),
('Очаков'),
('Павлоград'),
('Первомайск'),
('Первомайский'),
('Перевальск'),
('Перемышляны'),
('Перечин'),
('Перещепино'),
('Переяслав-Хмельницкий'),
('Першотравенск'),
('Петровское'),
('Пирятин'),
('Погребище'),
('Подволочиск'),
('Подгайцы'),
('Подгородное'),
('Пологи'),
('Полонное'),
('Полтава'),
('Попасная'),
('Почаев'),
('Приволье'),
('Прилуки'),
('Приморск'),
('Припять'),
('Пустомыты'),
('Путивль'),
('Пятихатки'),
('Рава-Русская'),
('Радехов'),
('Радомышль'),
('Радивилов'),
('Рахов'),
('Ржищев'),
('Рогатин'),
('Ровеньки'),
('Ровно'),
('Рожище'),
('Ромны'),
('Рубежное'),
('Рудки'),
('Саки'),
('Самбор'),
('Сарны'),
('Свалява'),
('Сватово'),
('Свердловск'),
('Светловодск'),
('Севастополь'),
('Северодонецк'),
('Седнев'),
('Селидово'),
('Семёновка'),
('Середина-Буда'),
('Симферополь'),
('Синельниково'),
('Скадовск'),
('Скалат'),
('Сквира'),
('Сколе'),
('Славута'),
('Славутич'),
('Славянск'),
('Смела'),
('Снежное'),
('Снигирёвк'),
('Снятын'),
('Сокаль'),
('Сокиряны'),
('Соледар'),
('Старобельск'),
('Староконстантинов'),
('Старый Крым'),
('Старый Самбор'),
('Стаханов'),
('Сторожинец'),
('Стрый'),
('Судак'),
('Сумы'),
('Суходольск'),
('Счастье'),
('Таврийск'),
('Тальное'),
('Тараща'),
('Татарбунары'),
('Теплодар'),
('Тернополь'),
('Терновка'),
('Тетиев'),
('Тысменица'),
('Тлумач'),
('Теребовля'),
('Тростянец'),
('Трускавец'),
('Токмак'),
('Торез'),
('Тульчин'),
('Тячев'),
('Угледар'),
('Угнев'),
('Узин'),
('Украинка'),
('Ужгород'),
('Умань'),
('Устилуг'),
('Фастов'),
('Феодосия'),
('Харцызск'),
('Харьков'),
('Херсон'),
('Хмельник'),
('Хмельницкий'),
('Хорол'),
('Хотин'),
('Христиновка'),
('Хуст'),
('Хыров'),
('Цюрупинск'),
('Червоноград'),
('Червонозаводское'),
('Червонопартизанск'),
('Черкассы'),
('Чернигов'),
('Чернобыль'),
('Черновцы'),
('Чигирин'),
('Чоп'),
('Чортков'),
('Чугуев'),
('Шаргород'),
('Шахтёрск'),
('Шепетовка'),
('Шостка'),
('Шпола'),
('Шумск'),
('Щёлкино'),
('Щорс'),
('Энергодар'),
('Южное'),
('Южноукраинск'),
('Яворов'),
('Яготин'),
('Ялта'),
('Ямполь'),
('Яремче'),
('Ясиноватая')
;

INSERT INTO `type_seat` (`name_type_seat`)
VALUES
('Люкс'),
('Купе'),
('Плацкарт'),
('Сидячее 1 класса'),
('Сидячее 2 класса')
;


insert into `train` (`name_train`)
values
('118І+'),
('119'),
('736Ш'),
('737'),
('738'),
('735І+'),
('211'),
('212'),
('217'),
('218Л'),
('233Д'),
('235'),
('236Б'),
('238K'),
('238'),
('235І+'),
('411'),
('412'),
('412Л'),
('435'),
('436Е'),
('438K'),
('435І+'),
('514'),
('515Ш'),
('518Ш'),
('519'),
('536К'),
('538K'),
('538'),
('535І+')
;

insert into `wagon` (`id_train_FK`,`number_wagon`,`id_type_seat_FK`,`number_of_seats`)
values

('1','1','1','20'), 
('1','2','2','40'), 
('1','3','3','54'), 
('1','4','4','64'), 
('1','5','5','112'), 
('1','6','4','64'), 
('1','7','5','112'), 
('1','8','4','64'),

('2','1','1','20'), 
('2','2','2','40'), 
('2','3','3','54'), 
('2','4','4','64'), 
('2','5','5','112'), 
('2','6','4','64'), 
('2','7','5','112'), 
('2','8','4','64'),

('3','1','5','112'), 
('3','2','4','64'), 
('3','3','5','112'), 
('3','4','4','64'),
('3','5','5','112'), 
('3','6','4','64'), 
('3','7','5','112'), 
('3','8','4','64'),

('4','1','5','112'), 
('4','2','4','64'), 
('4','3','5','112'), 
('4','4','4','64'),
('4','5','5','112'), 
('4','6','4','64'), 
('4','7','5','112'), 
('4','8','4','64'),

('5','1','5','112'), 
('5','2','4','64'), 
('5','3','5','112'), 
('5','4','4','64'),
('5','5','5','112'), 
('5','6','4','64'), 
('5','7','5','112'), 
('5','8','4','64'),

('6','1','5','112'), 
('6','2','4','64'), 
('6','3','5','112'), 
('6','4','4','64'),
('6','5','5','112'), 
('6','6','4','64'), 
('6','7','5','112'), 
('6','8','4','64'),

('7','1','5','112'), 
('7','2','4','64'), 
('7','3','5','112'), 
('7','4','4','64'),
('7','5','5','112'), 
('7','6','4','64'), 
('7','7','5','112'), 
('7','8','4','64'),

('8','1','5','112'), 
('8','2','4','64'), 
('8','3','5','112'), 
('8','4','4','64'),
('8','5','5','112'), 
('8','6','4','64'), 
('8','7','5','112'), 
('8','8','4','64'),

('9','1','5','112'), 
('9','2','4','64'), 
('9','3','5','112'), 
('9','4','4','64'),
('9','5','5','112'), 
('9','6','4','64'), 
('9','7','5','112'), 
('9','8','4','64'),


('1','1','1','20'), 
('1','2','2','40'), 
('1','3','3','54'), 
('1','4','4','64'), 
('1','5','5','112'), 
('1','6','4','64'), 
('1','7','5','112'), 
('1','8','4','64'),

('11','1','1','20'), 
('11','2','2','40'), 
('11','3','3','54'), 
('11','4','4','64'), 
('11','5','5','112'), 
('11','6','4','64'), 
('11','7','5','112'), 
('11','8','4','64'),

('12','1','1','20'), 
('12','2','2','40'), 
('12','3','3','54'), 
('12','4','4','64'), 
('12','5','5','112'), 
('12','6','4','64'), 
('12','7','5','112'), 
('12','8','4','64'),

('13','1','5','112'), 
('13','2','4','64'), 
('13','3','5','112'), 
('13','4','4','64'),
('13','5','5','112'), 
('13','6','4','64'), 
('13','7','5','112'), 
('13','8','4','64'),

('14','1','5','112'), 
('14','2','4','64'), 
('14','3','5','112'), 
('14','4','4','64'),
('14','5','5','112'), 
('14','6','4','64'), 
('14','7','5','112'), 
('14','8','4','64'),

('15','1','5','112'), 
('15','2','4','64'), 
('15','3','5','112'), 
('15','4','4','64'),
('15','5','5','112'), 
('15','6','4','64'), 
('15','7','5','112'), 
('15','8','4','64'),

('16','1','5','112'), 
('16','2','4','64'), 
('16','3','5','112'), 
('16','4','4','64'),
('16','5','5','112'), 
('16','6','4','64'), 
('16','7','5','112'), 
('16','8','4','64'),

('17','1','5','112'), 
('17','2','4','64'), 
('17','3','5','112'), 
('17','4','4','64'),
('17','5','5','112'), 
('17','6','4','64'), 
('17','7','5','112'), 
('17','8','4','64'),

('18','1','5','112'), 
('18','2','4','64'), 
('18','3','5','112'), 
('18','4','4','64'),
('18','5','5','112'), 
('18','6','4','64'), 
('18','7','5','112'), 
('18','8','4','64'),

('19','1','5','112'), 
('19','2','4','64'), 
('19','3','5','112'), 
('19','4','4','64'),
('19','5','5','112'), 
('19','6','4','64'), 
('19','7','5','112'), 
('19','8','4','64'),

('20','1','1','20'), 
('20','2','2','40'), 
('20','3','3','54'), 
('20','4','4','64'), 
('20','5','5','112'), 
('20','6','4','64'), 
('20','7','5','112'), 
('20','8','4','64'),

('21','1','1','20'), 
('21','2','2','40'), 
('21','3','3','54'), 
('21','4','4','64'), 
('21','5','5','112'), 
('21','6','4','64'), 
('21','7','5','112'), 
('21','8','4','64')



;



INSERT INTO `railwaydb`.`route_fragment` (`id_train_FK`, `id_start_station_FK`, `id_finish_station_FK`, `time_departure`,`time_travel`, `distance`)
VALUES
('1', '10','15','10:00','15:30','550'),
('2', '20','25','20:00','2:00','200'),
('3', '30','35','13:00','15:30','250'),
('4', '40','45','11:00','15:00','400'),
('5', '50','55','07:00','15:30','800'),

('6', '10','15','10:00','15:30','550'),
('7', '20','25','20:00','2:00','200'),
('8', '30','35','13:00','15:30','250'),
('9', '40','45','11:00','15:00','400'),
('10', '50','55','07:00','15:30','800'),

('11', '10','15','10:00','15:30','550'),
('12', '20','25','20:00','2:00','200'),
('13', '30','35','13:00','15:30','250'),
('14', '40','45','11:00','15:00','400'),
('15', '50','55','07:00','15:30','800'),

('16', '10','15','10:00','15:30','550'),
('17', '20','25','20:00','2:00','200'),
('18', '30','35','13:00','15:30','250'),
('19', '40','45','11:00','15:00','400'),
('20', '50','55','07:00','15:30','800'),
('21', '10','15','10:00','15:30','550')
;


INSERT INTO `railwaydb`.`schedule` (`id_route_fragment_FK`,`datetime_start`)
VALUES
('1','15.07.01'),
('2','15.07.01'),
('3','15.07.01'),
('4','15.07.01'),
('5','15.07.01'),
('6','15.07.01'),
('7','15.07.01'),
('8','15.07.01'),
('9','15.07.01'),
('10','15.07.01'),
('11','15.07.01'),
('12','15.07.01'),
('13','15.07.01'),
('14','15.07.01'),
('15','15.07.01'),
('16','15.07.01'),
('17','15.07.01'),
('18','15.07.01'),
('19','15.07.01'),
('20','15.07.01'),
('21','15.07.01'),

('2','15.07.02'),
('4','15.07.02'),
('6','15.07.02'),
('8','15.07.02'),
('10','15.07.02'),
('12','15.07.02'),
('14','15.07.02'),
('16','15.07.02'),
('18','15.07.02'),
('20','15.07.02'),

('1','15.07.03'),
('3','15.07.03'),
('5','15.07.03'),
('7','15.07.03'),
('9','15.07.03'),
('11','15.07.03'),
('13','15.07.03'),
('15','15.07.03'),
('17','15.07.03'),
('19','15.07.03'),
('21','15.07.03'),

('2','15.07.04'),
('4','15.07.04'),
('6','15.07.04'),
('8','15.07.04'),
('10','15.07.04'),
('12','15.07.04'),
('14','15.07.04'),
('16','15.07.04'),
('18','15.07.04'),
('20','15.07.04'),

('1','15.07.05'),
('3','15.07.05'),
('5','15.07.05'),
('7','15.07.05'),
('9','15.07.05'),
('11','15.07.05'),
('13','15.07.05'),
('15','15.07.05'),
('17','15.07.05'),
('19','15.07.05'),
('21','15.07.05'),

('2','15.07.06'),
('4','15.07.06'),
('6','15.07.06'),
('8','15.07.06'),
('10','15.07.06'),
('12','15.07.06'),
('14','15.07.06'),
('16','15.07.06'),
('18','15.07.06'),
('20','15.07.06'),

('1','15.07.07'),
('3','15.07.07'),
('5','15.07.07'),
('7','15.07.07'),
('9','15.07.07'),
('11','15.07.07'),
('13','15.07.07'),
('15','15.07.07'),
('17','15.07.07'),
('19','15.07.07'),
('21','15.07.07'),

('2','15.07.08'),
('4','15.07.08'),
('6','15.07.08'),
('8','15.07.08'),
('10','15.07.08'),
('12','15.07.08'),
('14','15.07.08'),
('16','15.07.08'),
('18','15.07.08'),
('20','15.07.08'),

('1','15.07.09'),
('3','15.07.09'),
('5','15.07.09'),
('7','15.07.09'),
('9','15.07.09'),
('11','15.07.09'),
('13','15.07.09'),
('15','15.07.09'),
('17','15.07.09'),
('19','15.07.09'),
('21','15.07.09'),

('2','15.07.10'),
('4','15.07.10'),
('6','15.07.10'),
('8','15.07.10'),
('10','15.07.10'),
('12','15.07.10'),
('14','15.07.10'),
('16','15.07.10'),
('18','15.07.10'),
('20','15.07.10'),

('1','15.07.11'),
('2','15.07.11'),
('3','15.07.11'),
('4','15.07.11'),
('5','15.07.11'),
('6','15.07.11'),
('7','15.07.11'),
('8','15.07.11'),
('9','15.07.11'),
('10','15.07.11'),
('11','15.07.11'),
('12','15.07.11'),
('13','15.07.11'),
('14','15.07.11'),
('15','15.07.11'),
('16','15.07.11'),
('17','15.07.11'),
('18','15.07.11'),
('19','15.07.11'),
('20','15.07.11'),
('21','15.07.11'),

('2','15.07.12'),
('4','15.07.12'),
('6','15.07.12'),
('8','15.07.12'),
('10','15.07.12'),
('12','15.07.12'),
('14','15.07.12'),
('16','15.07.12'),
('18','15.07.12'),
('20','15.07.12'),

('1','15.07.13'),
('3','15.07.13'),
('5','15.07.13'),
('7','15.07.13'),
('9','15.07.13'),
('11','15.07.13'),
('13','15.07.13'),
('15','15.07.13'),
('17','15.07.13'),
('19','15.07.13'),
('21','15.07.13'),

('2','15.07.14'),
('4','15.07.14'),
('6','15.07.14'),
('8','15.07.14'),
('10','15.07.14'),
('12','15.07.14'),
('14','15.07.14'),
('16','15.07.14'),
('18','15.07.14'),
('20','15.07.14'),

('1','15.07.15'),
('3','15.07.15'),
('5','15.07.15'),
('7','15.07.15'),
('9','15.07.15'),
('11','15.07.15'),
('13','15.07.15'),
('15','15.07.15'),
('17','15.07.15'),
('19','15.07.15'),
('21','15.07.15'),

('2','15.07.16'),
('4','15.07.16'),
('6','15.07.16'),
('8','15.07.16'),
('10','15.07.16'),
('12','15.07.16'),
('14','15.07.16'),
('16','15.07.16'),
('18','15.07.16'),
('20','15.07.16'),

('1','15.07.17'),
('3','15.07.17'),
('5','15.07.17'),
('7','15.07.17'),
('9','15.07.17'),
('11','15.07.17'),
('13','15.07.17'),
('15','15.07.17'),
('17','15.07.17'),
('19','15.07.17'),
('21','15.07.17'),

('2','15.07.18'),
('4','15.07.18'),
('6','15.07.18'),
('8','15.07.18'),
('10','15.07.18'),
('12','15.07.18'),
('14','15.07.18'),
('16','15.07.18'),
('18','15.07.18'),
('20','15.07.18'),

('1','15.07.19'),
('3','15.07.19'),
('5','15.07.19'),
('7','15.07.19'),
('9','15.07.19'),
('11','15.07.19'),
('13','15.07.19'),
('15','15.07.19'),
('17','15.07.19'),
('19','15.07.19'),
('21','15.07.19'),

('1','15.07.21'),
('2','15.07.21'),
('3','15.07.21'),
('4','15.07.21'),
('5','15.07.21'),
('6','15.07.21'),
('7','15.07.21'),
('8','15.07.21'),
('9','15.07.21'),
('10','15.07.21'),
('11','15.07.21'),
('12','15.07.21'),
('13','15.07.21'),
('14','15.07.21'),
('15','15.07.21'),
('16','15.07.21'),
('17','15.07.21'),
('18','15.07.21'),
('19','15.07.21'),
('20','15.07.21'),
('21','15.07.21'),

('2','15.07.22'),
('4','15.07.22'),
('6','15.07.22'),
('8','15.07.22'),
('10','15.07.22'),
('12','15.07.22'),
('14','15.07.22'),
('16','15.07.22'),
('18','15.07.22'),
('20','15.07.22'),

('1','15.07.23'),
('3','15.07.23'),
('5','15.07.23'),
('7','15.07.23'),
('9','15.07.23'),
('11','15.07.23'),
('13','15.07.23'),
('15','15.07.23'),
('17','15.07.23'),
('19','15.07.23'),
('21','15.07.23'),

('2','15.07.24'),
('4','15.07.24'),
('6','15.07.24'),
('8','15.07.24'),
('10','15.07.24'),
('12','15.07.24'),
('14','15.07.24'),
('16','15.07.24'),
('18','15.07.24'),
('20','15.07.24'),

('1','15.07.25'),
('3','15.07.25'),
('5','15.07.25'),
('7','15.07.25'),
('9','15.07.25'),
('11','15.07.25'),
('13','15.07.25'),
('15','15.07.25'),
('17','15.07.25'),
('19','15.07.25'),
('21','15.07.25'),

('2','15.07.26'),
('4','15.07.26'),
('6','15.07.26'),
('8','15.07.26'),
('10','15.07.26'),
('12','15.07.26'),
('14','15.07.26'),
('16','15.07.26'),
('18','15.07.26'),
('20','15.07.26'),

('1','15.07.27'),
('3','15.07.27'),
('5','15.07.27'),
('7','15.07.27'),
('9','15.07.27'),
('11','15.07.27'),
('13','15.07.27'),
('15','15.07.27'),
('17','15.07.27'),
('19','15.07.27'),
('21','15.07.27'),

('2','15.07.28'),
('4','15.07.28'),
('6','15.07.28'),
('8','15.07.28'),
('10','15.07.28'),
('12','15.07.28'),
('14','15.07.28'),
('16','15.07.28'),
('18','15.07.28'),
('20','15.07.28'),

('1','15.07.29'),
('3','15.07.29'),
('5','15.07.29'),
('7','15.07.29'),
('9','15.07.29'),
('11','15.07.29'),
('13','15.07.29'),
('15','15.07.29'),
('17','15.07.29'),
('19','15.07.29'),
('21','15.07.29'),

('2','15.07.20'),
('4','15.07.20'),
('6','15.07.20'),
('8','15.07.20'),
('10','15.07.20'),
('12','15.07.20'),
('14','15.07.20'),
('16','15.07.20'),
('18','15.07.20'),
('20','15.07.20'),

('1','15.07.31'),
('2','15.07.31'),
('3','15.07.31'),
('4','15.07.31'),
('5','15.07.31'),
('6','15.07.31'),
('7','15.07.31'),
('8','15.07.31'),
('9','15.07.31'),
('10','15.07.31'),
('11','15.07.31'),
('12','15.07.31'),
('13','15.07.31'),
('14','15.07.31'),
('15','15.07.31'),
('16','15.07.31'),
('17','15.07.31'),
('18','15.07.31'),
('19','15.07.31'),
('20','15.07.31'),
('21','15.07.31'),

('1','15.08.01'),
('2','15.08.01'),
('3','15.08.01'),
('4','15.08.01'),
('5','15.08.01'),
('6','15.08.01'),
('7','15.08.01'),
('8','15.08.01'),
('9','15.08.01'),
('10','15.08.01'),
('11','15.08.01'),
('12','15.08.01'),
('13','15.08.01'),
('14','15.08.01'),
('15','15.08.01'),
('16','15.08.01'),
('17','15.08.01'),
('18','15.08.01'),
('19','15.08.01'),
('20','15.08.01'),
('21','15.08.01'),

('2','15.08.02'),
('4','15.08.02'),
('6','15.08.02'),
('8','15.08.02'),
('10','15.08.02'),
('12','15.08.02'),
('14','15.08.02'),
('16','15.08.02'),
('18','15.08.02'),
('20','15.08.02'),

('1','15.08.03'),
('3','15.08.03'),
('5','15.08.03'),
('7','15.08.03'),
('9','15.08.03'),
('11','15.08.03'),
('13','15.08.03'),
('15','15.08.03'),
('17','15.08.03'),
('19','15.08.03'),
('21','15.08.03'),

('2','15.08.04'),
('4','15.08.04'),
('6','15.08.04'),
('8','15.08.04'),
('10','15.08.04'),
('12','15.08.04'),
('14','15.08.04'),
('16','15.08.04'),
('18','15.08.04'),
('20','15.08.04'),

('1','15.08.05'),
('3','15.08.05'),
('5','15.08.05'),
('7','15.08.05'),
('9','15.08.05'),
('11','15.08.05'),
('13','15.08.05'),
('15','15.08.05'),
('17','15.08.05'),
('19','15.08.05'),
('21','15.08.05'),

('2','15.08.06'),
('4','15.08.06'),
('6','15.08.06'),
('8','15.08.06'),
('10','15.08.06'),
('12','15.08.06'),
('14','15.08.06'),
('16','15.08.06'),
('18','15.08.06'),
('20','15.08.06'),

('1','15.08.07'),
('3','15.08.07'),
('5','15.08.07'),
('7','15.08.07'),
('9','15.08.07'),
('11','15.08.07'),
('13','15.08.07'),
('15','15.08.07'),
('17','15.08.07'),
('19','15.08.07'),
('21','15.08.07'),

('2','15.08.08'),
('4','15.08.08'),
('6','15.08.08'),
('8','15.08.08'),
('10','15.08.08'),
('12','15.08.08'),
('14','15.08.08'),
('16','15.08.08'),
('18','15.08.08'),
('20','15.08.08'),

('1','15.08.09'),
('3','15.08.09'),
('5','15.08.09'),
('7','15.08.09'),
('9','15.08.09'),
('11','15.08.09'),
('13','15.08.09'),
('15','15.08.09'),
('17','15.08.09'),
('19','15.08.09'),
('21','15.08.09'),

('2','15.08.10'),
('4','15.08.10'),
('6','15.08.10'),
('8','15.08.10'),
('10','15.08.10'),
('12','15.08.10'),
('14','15.08.10'),
('16','15.08.10'),
('18','15.08.10'),
('20','15.08.10'),

('1','15.08.11'),
('2','15.08.11'),
('3','15.08.11'),
('4','15.08.11'),
('5','15.08.11'),
('6','15.08.11'),
('7','15.08.11'),
('8','15.08.11'),
('9','15.08.11'),
('10','15.08.11'),
('11','15.08.11'),
('12','15.08.11'),
('13','15.08.11'),
('14','15.08.11'),
('15','15.08.11'),
('16','15.08.11'),
('17','15.08.11'),
('18','15.08.11'),
('19','15.08.11'),
('20','15.08.11'),
('21','15.08.11'),

('2','15.08.12'),
('4','15.08.12'),
('6','15.08.12'),
('8','15.08.12'),
('10','15.08.12'),
('12','15.08.12'),
('14','15.08.12'),
('16','15.08.12'),
('18','15.08.12'),
('20','15.08.12'),

('1','15.08.13'),
('3','15.08.13'),
('5','15.08.13'),
('7','15.08.13'),
('9','15.08.13'),
('11','15.08.13'),
('13','15.08.13'),
('15','15.08.13'),
('17','15.08.13'),
('19','15.08.13'),
('21','15.08.13'),

('2','15.08.14'),
('4','15.08.14'),
('6','15.08.14'),
('8','15.08.14'),
('10','15.08.14'),
('12','15.08.14'),
('14','15.08.14'),
('16','15.08.14'),
('18','15.08.14'),
('20','15.08.14'),

('1','15.08.15'),
('3','15.08.15'),
('5','15.08.15'),
('7','15.08.15'),
('9','15.08.15'),
('11','15.08.15'),
('13','15.08.15'),
('15','15.08.15'),
('17','15.08.15'),
('19','15.08.15'),
('21','15.08.15'),

('2','15.08.16'),
('4','15.08.16'),
('6','15.08.16'),
('8','15.08.16'),
('10','15.08.16'),
('12','15.08.16'),
('14','15.08.16'),
('16','15.08.16'),
('18','15.08.16'),
('20','15.08.16'),

('1','15.08.17'),
('3','15.08.17'),
('5','15.08.17'),
('7','15.08.17'),
('9','15.08.17'),
('11','15.08.17'),
('13','15.08.17'),
('15','15.08.17'),
('17','15.08.17'),
('19','15.08.17'),
('21','15.08.17'),

('2','15.08.18'),
('4','15.08.18'),
('6','15.08.18'),
('8','15.08.18'),
('10','15.08.18'),
('12','15.08.18'),
('14','15.08.18'),
('16','15.08.18'),
('18','15.08.18'),
('20','15.08.18'),

('1','15.08.19'),
('3','15.08.19'),
('5','15.08.19'),
('7','15.08.19'),
('9','15.08.19'),
('11','15.08.19'),
('13','15.08.19'),
('15','15.08.19'),
('17','15.08.19'),
('19','15.08.19'),
('21','15.08.19'),

('1','15.08.21'),
('2','15.08.21'),
('3','15.08.21'),
('4','15.08.21'),
('5','15.08.21'),
('6','15.08.21'),
('7','15.08.21'),
('8','15.08.21'),
('9','15.08.21'),
('10','15.08.21'),
('11','15.08.21'),
('12','15.08.21'),
('13','15.08.21'),
('14','15.08.21'),
('15','15.08.21'),
('16','15.08.21'),
('17','15.08.21'),
('18','15.08.21'),
('19','15.08.21'),
('20','15.08.21'),
('21','15.08.21'),

('2','15.08.22'),
('4','15.08.22'),
('6','15.08.22'),
('8','15.08.22'),
('10','15.08.22'),
('12','15.08.22'),
('14','15.08.22'),
('16','15.08.22'),
('18','15.08.22'),
('20','15.08.22'),

('1','15.08.23'),
('3','15.08.23'),
('5','15.08.23'),
('7','15.08.23'),
('9','15.08.23'),
('11','15.08.23'),
('13','15.08.23'),
('15','15.08.23'),
('17','15.08.23'),
('19','15.08.23'),
('21','15.08.23'),

('2','15.08.24'),
('4','15.08.24'),
('6','15.08.24'),
('8','15.08.24'),
('10','15.08.24'),
('12','15.08.24'),
('14','15.08.24'),
('16','15.08.24'),
('18','15.08.24'),
('20','15.08.24'),

('1','15.08.25'),
('3','15.08.25'),
('5','15.08.25'),
('7','15.08.25'),
('9','15.08.25'),
('11','15.08.25'),
('13','15.08.25'),
('15','15.08.25'),
('17','15.08.25'),
('19','15.08.25'),
('21','15.08.25'),

('2','15.08.26'),
('4','15.08.26'),
('6','15.08.26'),
('8','15.08.26'),
('10','15.08.26'),
('12','15.08.26'),
('14','15.08.26'),
('16','15.08.26'),
('18','15.08.26'),
('20','15.08.26'),

('1','15.08.27'),
('3','15.08.27'),
('5','15.08.27'),
('7','15.08.27'),
('9','15.08.27'),
('11','15.08.27'),
('13','15.08.27'),
('15','15.08.27'),
('17','15.08.27'),
('19','15.08.27'),
('21','15.08.27'),

('2','15.08.28'),
('4','15.08.28'),
('6','15.08.28'),
('8','15.08.28'),
('10','15.08.28'),
('12','15.08.28'),
('14','15.08.28'),
('16','15.08.28'),
('18','15.08.28'),
('20','15.08.28'),

('1','15.08.29'),
('3','15.08.29'),
('5','15.08.29'),
('7','15.08.29'),
('9','15.08.29'),
('11','15.08.29'),
('13','15.08.29'),
('15','15.08.29'),
('17','15.08.29'),
('19','15.08.29'),
('21','15.08.29'),

('2','15.08.20'),
('4','15.08.20'),
('6','15.08.20'),
('8','15.08.20'),
('10','15.08.20'),
('12','15.08.20'),
('14','15.08.20'),
('16','15.08.20'),
('18','15.08.20'),
('20','15.08.20'),

('1','15.09.01'),
('2','15.09.01'),
('3','15.09.01'),
('4','15.09.01'),
('5','15.09.01'),
('6','15.09.01'),
('7','15.09.01'),
('8','15.09.01'),
('9','15.09.01'),
('10','15.09.01'),
('11','15.09.01'),
('12','15.09.01'),
('13','15.09.01'),
('14','15.09.01'),
('15','15.09.01'),
('16','15.09.01'),
('17','15.09.01'),
('18','15.09.01'),
('19','15.09.01'),
('20','15.09.01'),
('21','15.09.01'),

('2','15.09.02'),
('4','15.09.02'),
('6','15.09.02'),
('8','15.09.02'),
('10','15.09.02'),
('12','15.09.02'),
('14','15.09.02'),
('16','15.09.02'),
('18','15.09.02'),
('20','15.09.02'),

('1','15.09.03'),
('3','15.09.03'),
('5','15.09.03'),
('7','15.09.03'),
('9','15.09.03'),
('11','15.09.03'),
('13','15.09.03'),
('15','15.09.03'),
('17','15.09.03'),
('19','15.09.03'),
('21','15.09.03'),

('2','15.09.04'),
('4','15.09.04'),
('6','15.09.04'),
('8','15.09.04'),
('10','15.09.04'),
('12','15.09.04'),
('14','15.09.04'),
('16','15.09.04'),
('18','15.09.04'),
('20','15.09.04'),

('1','15.09.05'),
('3','15.09.05'),
('5','15.09.05'),
('7','15.09.05'),
('9','15.09.05'),
('11','15.09.05'),
('13','15.09.05'),
('15','15.09.05'),
('17','15.09.05'),
('19','15.09.05'),
('21','15.09.05'),

('2','15.09.06'),
('4','15.09.06'),
('6','15.09.06'),
('8','15.09.06'),
('10','15.09.06'),
('12','15.09.06'),
('14','15.09.06'),
('16','15.09.06'),
('18','15.09.06'),
('20','15.09.06'),

('1','15.09.07'),
('3','15.09.07'),
('5','15.09.07'),
('7','15.09.07'),
('9','15.09.07'),
('11','15.09.07'),
('13','15.09.07'),
('15','15.09.07'),
('17','15.09.07'),
('19','15.09.07'),
('21','15.09.07'),

('2','15.09.08'),
('4','15.09.08'),
('6','15.09.08'),
('8','15.09.08'),
('10','15.09.08'),
('12','15.09.08'),
('14','15.09.08'),
('16','15.09.08'),
('18','15.09.08'),
('20','15.09.08'),

('1','15.09.09'),
('3','15.09.09'),
('5','15.09.09'),
('7','15.09.09'),
('9','15.09.09'),
('11','15.09.09'),
('13','15.09.09'),
('15','15.09.09'),
('17','15.09.09'),
('19','15.09.09'),
('21','15.09.09'),

('2','15.09.10'),
('4','15.09.10'),
('6','15.09.10'),
('8','15.09.10'),
('10','15.09.10'),
('12','15.09.10'),
('14','15.09.10'),
('16','15.09.10'),
('18','15.09.10'),
('20','15.09.10'),

('1','15.09.11'),
('2','15.09.11'),
('3','15.09.11'),
('4','15.09.11'),
('5','15.09.11'),
('6','15.09.11'),
('7','15.09.11'),
('8','15.09.11'),
('9','15.09.11'),
('10','15.09.11'),
('11','15.09.11'),
('12','15.09.11'),
('13','15.09.11'),
('14','15.09.11'),
('15','15.09.11'),
('16','15.09.11'),
('17','15.09.11'),
('18','15.09.11'),
('19','15.09.11'),
('20','15.09.11'),
('21','15.09.11'),

('2','15.09.12'),
('4','15.09.12'),
('6','15.09.12'),
('8','15.09.12'),
('10','15.09.12'),
('12','15.09.12'),
('14','15.09.12'),
('16','15.09.12'),
('18','15.09.12'),
('20','15.09.12'),

('1','15.09.13'),
('3','15.09.13'),
('5','15.09.13'),
('7','15.09.13'),
('9','15.09.13'),
('11','15.09.13'),
('13','15.09.13'),
('15','15.09.13'),
('17','15.09.13'),
('19','15.09.13'),
('21','15.09.13'),

('2','15.09.14'),
('4','15.09.14'),
('6','15.09.14'),
('8','15.09.14'),
('10','15.09.14'),
('12','15.09.14'),
('14','15.09.14'),
('16','15.09.14'),
('18','15.09.14'),
('20','15.09.14'),

('1','15.09.15'),
('3','15.09.15'),
('5','15.09.15'),
('7','15.09.15'),
('9','15.09.15'),
('11','15.09.15'),
('13','15.09.15'),
('15','15.09.15'),
('17','15.09.15'),
('19','15.09.15'),
('21','15.09.15'),

('2','15.09.16'),
('4','15.09.16'),
('6','15.09.16'),
('8','15.09.16'),
('10','15.09.16'),
('12','15.09.16'),
('14','15.09.16'),
('16','15.09.16'),
('18','15.09.16'),
('20','15.09.16'),

('1','15.09.17'),
('3','15.09.17'),
('5','15.09.17'),
('7','15.09.17'),
('9','15.09.17'),
('11','15.09.17'),
('13','15.09.17'),
('15','15.09.17'),
('17','15.09.17'),
('19','15.09.17'),
('21','15.09.17'),

('2','15.09.18'),
('4','15.09.18'),
('6','15.09.18'),
('8','15.09.18'),
('10','15.09.18'),
('12','15.09.18'),
('14','15.09.18'),
('16','15.09.18'),
('18','15.09.18'),
('20','15.09.18'),

('1','15.09.19'),
('3','15.09.19'),
('5','15.09.19'),
('7','15.09.19'),
('9','15.09.19'),
('11','15.09.19'),
('13','15.09.19'),
('15','15.09.19'),
('17','15.09.19'),
('19','15.09.19'),
('21','15.09.19'),

('1','15.09.21'),
('2','15.09.21'),
('3','15.09.21'),
('4','15.09.21'),
('5','15.09.21'),
('6','15.09.21'),
('7','15.09.21'),
('8','15.09.21'),
('9','15.09.21'),
('10','15.09.21'),
('11','15.09.21'),
('12','15.09.21'),
('13','15.09.21'),
('14','15.09.21'),
('15','15.09.21'),
('16','15.09.21'),
('17','15.09.21'),
('18','15.09.21'),
('19','15.09.21'),
('20','15.09.21'),
('21','15.09.21'),

('2','15.09.22'),
('4','15.09.22'),
('6','15.09.22'),
('8','15.09.22'),
('10','15.09.22'),
('12','15.09.22'),
('14','15.09.22'),
('16','15.09.22'),
('18','15.09.22'),
('20','15.09.22'),

('1','15.09.23'),
('3','15.09.23'),
('5','15.09.23'),
('7','15.09.23'),
('9','15.09.23'),
('11','15.09.23'),
('13','15.09.23'),
('15','15.09.23'),
('17','15.09.23'),
('19','15.09.23'),
('21','15.09.23'),

('2','15.09.24'),
('4','15.09.24'),
('6','15.09.24'),
('8','15.09.24'),
('10','15.09.24'),
('12','15.09.24'),
('14','15.09.24'),
('16','15.09.24'),
('18','15.09.24'),
('20','15.09.24'),

('1','15.09.25'),
('3','15.09.25'),
('5','15.09.25'),
('7','15.09.25'),
('9','15.09.25'),
('11','15.09.25'),
('13','15.09.25'),
('15','15.09.25'),
('17','15.09.25'),
('19','15.09.25'),
('21','15.09.25'),

('2','15.09.26'),
('4','15.09.26'),
('6','15.09.26'),
('8','15.09.26'),
('10','15.09.26'),
('12','15.09.26'),
('14','15.09.26'),
('16','15.09.26'),
('18','15.09.26'),
('20','15.09.26'),

('1','15.09.27'),
('3','15.09.27'),
('5','15.09.27'),
('7','15.09.27'),
('9','15.09.27'),
('11','15.09.27'),
('13','15.09.27'),
('15','15.09.27'),
('17','15.09.27'),
('19','15.09.27'),
('21','15.09.27'),

('2','15.09.28'),
('4','15.09.28'),
('6','15.09.28'),
('8','15.09.28'),
('10','15.09.28'),
('12','15.09.28'),
('14','15.09.28'),
('16','15.09.28'),
('18','15.09.28'),
('20','15.09.28'),

('1','15.09.29'),
('3','15.09.29'),
('5','15.09.29'),
('7','15.09.29'),
('9','15.09.29'),
('11','15.09.29'),
('13','15.09.29'),
('15','15.09.29'),
('17','15.09.29'),
('19','15.09.29'),
('21','15.09.29'),

('2','15.09.30'),
('4','15.09.30'),
('6','15.09.30'),
('8','15.09.30'),
('10','15.09.30'),
('12','15.09.30'),
('14','15.09.30'),
('16','15.09.30'),
('18','15.09.30'),
('20','15.09.30')
;


INSERT INTO `ticket`
(`id_route_fragment_FK`,
`number_wagon`,
`number_seat`,
`id_type_seat_FK`,
`price`,
 `datetime_begin`, 
 `datetime_end`,
 `id_client_FK`,
 `status`)
VALUES
('1','4','1','4','200.20','15.07.01 10:00','15.07.01 15:30','2','0'),
('1','4','2','4','200.20','15.07.01 10:00','15.07.01 15:30','3','2'),
('1','4','3','4','200.20','15.07.01 10:00','15.07.01 15:30','4','1'),
('1','4','1','4','200.20','15.07.01 10:00','15.07.01 15:30','2','1'),
('1','4','4','4','200.20','15.07.01 10:00','15.07.01 15:30','3','2'),
('1','4','5','4','200.20','15.07.01 10:00','15.07.01 15:30','4','1')

;/*,
/*

('2','4','1','4','200.20','15.07.02','15.07.02','2','0'),
('2','4','2','4','200.20','15.07.02','15.07.02','3','0'),
('2','4','3','4','200.20','15.07.02','15.07.02','4','1'),
('2','4','4','4','200.20','15.07.02','15.07.02','5','2'),
('2','4','5','4','200.20','15.07.02','15.07.02','6','0')
;/*,
('2','4','6','4','200.20','15.07.02','15.07.02','7','2'),
('2','4','7','4','200.20','15.07.02','15.07.02','8','1'),
('2','4','8','4','200.20','15.07.02','15.07.02','9','1'),
('2','4','9','4','200.20','15.07.02','15.07.02','10','1'),
('2','4','10','4','200.20','15.07.02','15.07.02','11','2'),
('2','4','5','4','200.20','15.07.02','15.07.02','12','2'),
('2','4','11','4','200.20','15.07.02','15.07.02','13','1')/*,
/*
('2','6','3','4','200.20','15.07.02','15.07.02','14','2'),
('2','6','4','4','200.20','15.07.02','15.07.02','15','2'),
('2','6','5','4','200.20','15.07.02','15.07.02','16','2'),
('2','6','6','4','200.20','15.07.02','15.07.02','17','2'),
('2','6','7','4','200.20','15.07.02','15.07.02','18','1'),
('2','6','8','4','200.20','15.07.02','15.07.02','19','1'),
('2','6','9','4','200.20','15.07.02','15.07.02','20','1'),

('3','4','1','4','200.20','15.07.03','15.07.03','2','2'),
('3','4','2','4','200.20','15.07.03','15.07.03','3','2'),
('3','4','3','4','200.20','15.07.03','15.07.03','4','2'),
('3','4','4','4','200.20','15.07.03','15.07.03','5','2'),
('3','4','5','4','200.20','15.07.03','15.07.03','6','0'),
('3','4','6','4','200.20','15.07.03','15.07.03','7','2'),
('3','4','7','4','200.20','15.07.03','15.07.03','8','1'),
('3','4','8','4','200.20','15.07.03','15.07.03','9','1'),
('3','4','9','4','200.20','15.07.03','15.07.03','10','1'),
('3','4','10','4','200.20','15.07.03','15.07.03','11','2'),
('3','6','1','4','200.20','15.07.03','15.07.03','12','0'),
('3','6','2','4','200.20','15.07.03','15.07.03','13','0'),
('3','6','3','4','200.20','15.07.03','15.07.03','14','2'),
('3','6','4','4','200.20','15.07.03','15.07.03','15','2'),
('3','6','5','4','200.20','15.07.03','15.07.03','16','2'),
('3','6','6','4','200.20','15.07.03','15.07.03','17','2'),
('3','6','7','4','200.20','15.07.03','15.07.03','18','1'),
('3','6','8','4','200.20','15.07.03','15.07.03','19','1'),
('3','6','9','4','200.20','15.07.03','15.07.03','20','1'),

('4','4','1','4','200.20','15.07.04','15.07.04','2','2'),
('4','4','2','4','200.20','15.07.04','15.07.04','3','2'),
('4','4','3','4','200.20','15.07.04','15.07.04','4','2'),
('4','4','4','4','200.20','15.07.04','15.07.04','5','2'),
('4','4','5','4','200.20','15.07.04','15.07.04','6','0'),
('4','4','6','4','200.20','15.07.04','15.07.04','7','2'),
('4','4','7','4','200.20','15.07.04','15.07.04','8','1'),
('4','4','8','4','200.20','15.07.04','15.07.04','9','1'),
('4','4','9','4','200.20','15.07.04','15.07.04','10','1'),
('4','4','10','4','200.20','15.07.04','15.07.04','11','2'),
('4','6','1','4','200.20','15.07.04','15.07.04','12','0'),
('4','6','2','4','200.20','15.07.04','15.07.04','13','0'),
('4','6','3','4','200.20','15.07.04','15.07.04','14','2'),
('4','6','4','4','200.20','15.07.04','15.07.04','15','2'),
('4','6','5','4','200.20','15.07.04','15.07.04','16','2'),
('4','6','6','4','200.20','15.07.04','15.07.04','17','2'),
('4','6','7','4','200.20','15.07.04','15.07.04','18','1'),
('4','6','8','4','200.20','15.07.04','15.07.04','19','1'),
('4','6','9','4','200.20','15.07.04','15.07.04','20','1'),

('2','4','1','4','200.20','15.07.05','15.07.05','2','2'),
('2','4','2','4','200.20','15.07.05','15.07.05','3','2'),
('2','4','3','4','200.20','15.07.05','15.07.05','4','2'),
('2','4','4','4','200.20','15.07.05','15.07.05','5','2'),
('2','4','5','4','200.20','15.07.05','15.07.05','6','0'),
('2','4','6','4','200.20','15.07.05','15.07.05','7','2'),
('2','4','7','4','200.20','15.07.05','15.07.05','8','1'),
('2','4','8','4','200.20','15.07.05','15.07.05','9','1'),
('2','4','9','4','200.20','15.07.05','15.07.05','10','1'),
('2','4','10','4','200.20','15.07.05','15.07.05','11','2'),
('2','6','1','4','200.20','15.07.05','15.07.05','12','0'),
('2','6','2','4','200.20','15.07.05','15.07.05','13','0'),
('2','6','3','4','200.20','15.07.05','15.07.05','14','2'),
('2','6','4','4','200.20','15.07.05','15.07.05','15','2'),
('2','6','5','4','200.20','15.07.05','15.07.05','16','2'),
('2','6','6','4','200.20','15.07.05','15.07.05','17','2'),
('2','6','7','4','200.20','15.07.05','15.07.05','18','1'),
('2','6','8','4','200.20','15.07.05','15.07.05','19','1')



;